제목,본문,날짜,URL
임신 기록 / 임산부 일상 '임신 21-23주차 일상',"배가 조금씩 나오는 거 빼고는
특별한 증상 없이 잘 지내고 있는 중기 임산부
체력은 여전히 괜찮아 이번에 또 연휴 기간에
남편이랑 기차 타고 여행도 다녀왔다 ㅋㅋㅋ
임신 21 - 23주 차 증상
역류성 식도염처럼 신물이 올라와 목이 따끔거림
22주 처음으로 태동 느낌
생리통처럼 배 아픔 증상이 가끔 있음
임신 21주차
광복절 연휴를 맞아 우리는 바로 떠났다
어디로요?????????
그건 바로 부산이요!!ㅋㅋㅋㅋㅋ
차 타고 가기에는 너무 머니까
이번에도 맘편한 코레일로 40프로 저렴하게
KTX표 구매해서 내려갔다
공복은 힘드니까 이것저것 간식 챙겨서 출발~
저녁 늦게 도착이라 도착하자마자
자랑이 고모랑 고모 남친 만나서 술파티
임신하고 처음으로 밖에서 밤 12시까지 놀았다
ㅋㅋㅋㅋㅋㅋㅋㅋㅋㅋㅋㅋㅋ
그리고 또 집에 가서 수다 떠느라
새벽 3시가 되어서 잠든 우리들
다음날 아침에 일어나서
아가씨 카페 가서 커피 한 잔 얻어마시고
차 빌려줘서 퇴근 전까지 둘만의 여행 시작
열심히 놀아보자고~
한여름이라 날씨가 굉장히 더웠지만
맛있는 거 많이 먹고 즐거웠던 2박 3일 부산 여행
20주가 넘어가니 확실히 임산부처럼 배가 나왔다
ㅋㅋㅋㅋㅋㅋㅋㅋㅋㅋㅋㅋㅋㅋ
임신 21주 차
아직도 여전한 밀가루 사랑
일하면서, 집에서 빵 참 많이 먹었다
여행 다녀오고 어머님이 맛있는 거 주문해 줘서
야무지게 잘 챙겨 먹었고~
이제 슬슬 체중이 증가하고 있어
퇴근 후 시간이 되면 아파트 헬스장 가서
천천히 러닝머신을 걸었다
원장님이 러닝머신 운동을 반대하긴 했지만
날이 더워서 밖에 도저히 걸을 수가 없었어요ㅠㅠ
그리고 임신하고 난 뒤 맘카페
쇼핑 핫딜을 자주 보는 편인데
필요한 아기용품 핫딜 나오면 하나씩 구매중이다
아기 있는 집에 없어서는 안 될 브라운 체온계
제품이 다양하게 있던데 난 가장 최근에 나온
6525 제품을 구매해 줬다
각 지역마다 임산부 혜택이 다양하게 있는데
단원구 보건소에는 무료 스케일링을 해줘
미리 예약하고 다녀왔다
치과의사가 해주는데 스케일링은
10분 안쪽으로 짧게 끝났",8시간 전,https://blog.naver.com/ggg5194/224070147637
임신 25주 기록 임당검사 입체 초음파 병원 후기,"임신 25주 기록 임당검사 입체 초음파 병원 후기
두근두근 설레면서 한편으로는 살짝 걱정스러운 마음으로 25주 병원을 다녀왔다.
25주 병원 방문은 주변에서 들은 게 많아서 걱정이 많이 되는 임당검사와 아기 신생아 모습을 어렴풋이 볼 수 있다는 입체 초음파가 함께 있었다.
50m
© NAVER Corp.
에이치큐브병원
서울특별시 도봉구 도봉로 604 에이치큐브병원
초음파 진료 전날에는 문자로 지하주차장 대기가 매우 길어 예약 시간 지연 가능성이 있다면 자차 내원 시 30분 전 내원 요청이 있어서 아직 몸이 나름 가벼운 주수에는 몸도 움직일 겸 버스를 이용하고 있다.
에이치큐브 병원 바로 앞에 버스 정류장 노선이 많은 데다 딱 회사랑 집 사이에 있어 대중교통 이용이 너무 편하다.
도착하자마자 몸무게와 혈압부터 체크했다.
혈압약을 꾸준히 복용하고 있어서 혈압은 안정권에 있고 몸무게도 크게 변동 없어서 다행이었다.
몸무게와 혈압을 체크해서 적은 종이와 산모수첩을 안내 데스크에 제출하자 산과 중기 입체 초음파를 하기 위해 '산부인과 비급여 동의서'에 서명했다.
덕분에 입체 초음파 가격과 궁금했던 백일해 가격을 동시에 확인할 수 있었다.
오늘은 임당 검사도 함께 있어서 임당 검사에 앞서 이렇게 생긴 병에 담긴 포도당을 원샷했다.
포도당을 먹은 뒤에는 물 포함 입에 들어가는 건 어떤 것도 안 된다고 하셨고 마신 딱 시간 맞춰서 정확히 1시간 뒤에 채혈이 진행된다고 하셨다.
포도당의 맛은 오렌지 맛은 오렌지 맛인데 옛날 학교 앞 문방구에서 사 먹고 불량식품 오렌지 맛 느낌이었다.
병원 오는 동안 목도 마르고 살짝 더워져서 시원한 오렌지 맛이 나쁘지 않았다.
그동안 입체 초음파를 먼저 했다.
딱 예약 시간에 맞춰 시작된 입체초음파는 20분 좀 더 걸렸다.
21주에 봤던 정밀 초음파보다 더 자세하게 봤는데 뱜뱜이도 그동안 정말 많이 커져 있었다.
손가락 발가락 마디마디가 보이고 입술 움직임까지 보여서 신기방기했다.
이제는 정말 사람의 모습을 완전히 갖추고 움직이는 게 감동스럽",2025. 9. 30. 12:07,https://blog.naver.com/white0171/224026897042
다이소 바인더 6공 다이어리 퀄리티 괜찮네,"다이소 털바인더 퀄리티 좋은데?
요즘 다이소가 열일하잖아요!
대박인게 다이소에도 털바인더가 나왔어요.
쌀쌀해지는 날씨에 맞게
다이소 6공 다이어리 털바인더로 나오다니!!
가격까지 놀랍네요~~
다이소몰에서는 이미 품절대란이구요.
전 우리동네 다이소에 신제품 나왔다는 소식
듣자마자 바로 달려갔다왔어요~
보들보들 하트 6공 다이어리
품명: 패브릭커버 6공 무선노트(40매입)
품번 : 1052542
우리집에는요
이미 유명하다고 하는 그 털바인더가
두개가 있는데요.
덕질필수품으로 사용중이지만
휴대하기에는 사이즈가 커서 ㅋㅋㅋㅋㅋ
그러다 발견하게된 다이소 털바인더는
사이즈도 적당해요.
가로 16cm 세로 19cm
B6사이즈 내지와 호환이 가능해요.
기존에 가지고 있던 제품과 비교해봐도
털바인더 퀄리티가 꽤 좋아요.
보들보들 촉감도 너무 좋고
찬바람 불때 딱 좋은 바로 그 바인더-
크기비교해보면 요정도!
잠금장치는 자석 똑딱이.
자석도 튼튼해서 잘 붙고
만족만족.
기존에 들어있던 내지는
무지라 더 좋았어요!!
활용도가 너무 좋잖아요---
개인적으로 줄 그어져 있는거보다 좋아요!
그리고 튼튼한 마감처리도 좋고
5천원에 이런 퀄리티가 가능하냐구요!
진짜 다이소 다이어리
6공바인더 만족이예요.
더 놀라운거는요.
키링을 걸수있는 고리가 있다는것!
요즘 또 다이어리 꾸미기에
키링 필수잖아요~
앞뒤 디자인도 촌스럽지않고
귀염귀염해요.
하트하트한게 너무 사랑스럽네요.
다이소 6공 다이어리 덕분에
난 털바인더가 세개나 생겻네요!!ㅎㅎ
이거 색상 다양하게 나왔으면 좋겟다~~
요즘 내맘에 자꾸 들어오는
투어스 신유로 첫페이지를 꾸며봅니다.
얜 왜 이렇게 멋진거야!!!!
보고있어도 좋고
애들이 인성도 너무 좋고
뚝딱거리는것도 귀엽고
암튼 뭐 다 좋다는 이야기.ㅋㅋㅋㅋ
다이소 바인더 6공 다이어리 퀄리티 괜찮네
재생
83
좋아요
0
00:17

다이소 바인더 6공 다이어리 퀄리티 괜찮네
다이소 다이어리 이야기 하다가
덕질 이야기로 끝난 ㅋㅋㅋㅋㅋㅋㅋㅋㅋㅋ
뭐 그렇다구요~
내돈내산 이라오!",2024. 10. 7. 13:07,https://blog.naver.com/1004wun/223609985032
"[임신기록] 4주차 - 안녕 아가야, 반가워!","2025년 10월 17일 금요일 오전 6시 30분
늦잠을 잤다.
6년차 회사생활하면서 늦잠을 잔 적이 처음이다.
(평소 기상시간 05:30)
바로 욕실로 들어가다, 아 맞다 하며
어제 주문한 쿠팡 택배를 문 열어 가져왔다.
혹시 모르니, 넉넉하게 5개를 구매했다.
클리어체크얼리 임신테스트기, 1개입, 4개 - 임신/배란테스트기 | 쿠팡
현재 별점 4.6점, 리뷰 9181개를 가진 클리어체크얼리 임신테스트기, 1개입, 4개! 지금 쿠팡에서 더 저렴하고 다양한 임신/배란테스트기 제품들을 확인해보세요.
www.coupang.com
바로 얼리임테기를 하고 올려둔 채
지각할까봐 양치를 서둘러 하다,
스윽 임테기를 보자마자
2줄이 보였다.
칫솔을 문 채 눈물이 뚝뚝 떨어졌다.
으항. 진짜 아가가 생겼어?
생겼다고?
흥분된 마음과 함께 기쁨이 동반된
아침 출근준비
두근거리는 마음으로 지각해도 괜찮아 뭐어때
한없이 너그러워지며 출근 준비를 했다.
안녕 아가야, 반가워!
출근길 하늘도 온 마음 다해
축하해 주듯, 맑은 하늘을 내비쳤다.
두근두근 설레는 마음으로
첫 입사일처럼 괜히 출근길이
신나긴 정말 오랜만이다.
입사 6년차에 정말 행복 가득하게 출근했다.
괜스레 떨어지는 낙엽들도
예뻐보이고 평화로운 금요일 아침처럼
내 마음이 행복으로 가득 찼던 출근길!
과장님들과 함께 점심 먹는 금요일
해물파전과 김치칼국수 야무지게 먹었다.
그리고 참 이렇게 단번에 바뀔 수 있나 싶을 정도로
먹기 전 괜스레 검색도 해보고, 출근 후 바로 아아를 마시는 데
정수에 레몬티를 타 마셨다.
(임신기간 동안에
아아는 정말 덜 마시도록 하자!)
얼른 퇴근 후 한번 더 검사를 해보고 싶었다.
마치 꿈처럼, 테스트기가 오류일까봐.
퇴근 후 곧장 다이소로 가서 추가로 구입했다.
그리고 오빠에게 깜짝 서프라이즈를 해주고 싶어
풍선도 사고, 가랜드로 사서 놀래켜줄까 하다
담백하게 임밍아웃을 해야겠다 싶어 편지지를 골랐다.
집에 와, 한번 더 임신테스트를 했다.
2줄! 이야 신기해!! 진짜 아가 너가 나에게 와",2025. 11. 1. 19:06,https://blog.naver.com/maryham_hi/224061293773
임신 22주 기록 근종통 인줄 알았는데 배뭉침?! 피비침으로 병원행 후기,"임신 22주 기록 근종통 인줄 알았는데 배뭉침?! 피비침으로 병원행 후기
임신 21주 정기검진 정밀초음파 진료 이후로 다음 진료 때까지 한참이 남았구나 싶었는데... 인생...
갑작스러운 배통증과 피비침으로 바로 그 다음주에 병원에 가야 했다.
저번 21주 병원 진료 후 그날 저녁부터 배가 살살 아프기 시작하더니 다음날 걷는 거조차 좀 버거울 정도로 배에 통증이 있었다.
주기적으로 간간이 아프고 움직이지 않고 가만히 앉아 있거나 누워있으면 괜찮아져서 의사샘이 말씀하신 주기적인 배뭉침이나 아니면 워낙 자잘한 근종이 많아서 근종통이라고 생각했다.
게다가 시간 지나면서 통증도 괜찮아지는 거 같아 정말 일시적인 근종통이구나 싶었다.
하지만 결국 4일 후 저녁 늦게 화장실에 갔다가 휴지에 진한 초콜릿색의 피비침과 자잘하게 갈색혈과 핏덩이를 보게 됐다.
그나마 갈색혈과 핏덩이가 3번 정도 보이다가 점점 없어져서 응급실 대신 다음날 병원 가기로 결정했다.
다음날 출근하자마자 병조퇴를 내고 바로 병원행!
에이치큐브는 당일 예약이 어려워서 방문해서 대기해야 한다.
도착하자마자 혈압과 몸무게를 재는데 이 와중에 처음 잰 혈압이 143/90... 간호사 선생님께서 의자에 앉아서 좀 쉬다가 5분 후에 다시 재라고 하셔서 다시 쟀는데 132/88 그나마 조금 떨어졌다.
혈압이 낮았던 나인데 임신 이후로 혈압이 이렇게 높아질 수 있다는 사실이 신기했다.
40분 정도 앉아서 기다리는데 이주희 과장님께서 배통증이 있다고 하니 태동 검사를 먼저 보자고 하셨다고 7층 태동 검사실에 먼저 다녀오라는 간호사샘의 안내를 받았다.
7층은 전에 조리원 상담을 위해 방문했었는데 그 옆에 태동 검사실이 있는지도 몰랐다.
내가 들어갔을 때는 몇몇 산모분들께서 태동 검사를 하고 계셨다.
Next image
배가 점점 더 나오면서 정면으로 눕는 게 힘들어지니 침대 산 지 얼마 안 됐는데 자꾸 모션베드가 탐난다.
침대에 누워있으니 배 오른쪽에서 심장을 측정하는 걸 붙이고 왼쪽에 통증 센서를 부착해 주셨다.
22",2025. 9. 15. 11:03,https://blog.naver.com/white0171/224008459110
임신 23주 기록 자궁경부 길이 검사 결과 병원 후기,"임신 23주 기록 자궁경부 길이 검사 결과 병원 후기
22주에 갑작스러운 배통증과 피비침으로 병원을 다녀오고 일주일이 지났다.
임신 22주 기록 근종통 인줄 알았는데 배뭉침?! 피비침으로 병원행 후기
임신 22주 기록 근종통 인줄 알았는데 배뭉침?! 피비침으로 병원행 후기 임신 21주 정기검진 정밀초음파 진...
blog.naver.com
생각지도 못한 자궁경부 길이가 짧아지고 살짝 열려있고 조산기가 있다는 병원 진단에 화들짝 놀랐다.
배통증은 근종통이 아닌 배뭉침이었고 피비침은 멈췄지만 피고임도 있어서 한 주 동안 약 먹으면서 최대한 움직임을 덜하고 쉬면서 결과를 보자고 하셔서 마음이 편치 않은 한 주를 보냈다.
50m
© NAVER Corp.
에이치큐브병원
서울특별시 도봉구 도봉로 604 에이치큐브병원
딱 일주일 지나고 23주에 다시 병원을 찾았다.
일주일간 회사는 단축근무하고 감사하게도 모두의 배려를 받으며 최소한의 업무만 수행하였다.
집에 오자마자 정말 아무것도 하지 않고 짝꿍이 챙겨준 저녁 먹을 때와 화장실 갈 때만 제외하고 침대에 누워 손발 압박밴드하고 매일같이 혈압약을 먹고 질정을 삽입하면서 병자 아닌 병자 생활을 하였다.
자궁경부 길이 등이 일주일간 좋아지지 않으면 수술과 입원을 해야 하고 일찍 휴직을 생각해야 한다고 해서 더 걱정이 되었다.
이 와중에 에이치큐브 문화센터에서 하는 10월 프로그램이 눈에 들어왔다.
하나도 빠짐없이 다 들어보고 싶은데 과연... 할 수 있을지... 무리하지 않는 선에서 해보고 싶다.
최대한 걷지도 말고 움직이지도 말라고 하셔서 활동량이 확 줄고 먹고 누워있기만 해서 몸무게가 늘지 않았을까 싶었는데 입맛이 전보다 없어서 먹는 양이 줄어서 그런지 몸무게는 거의 늘지 않았다.
혈압약의 효과인지 혈압도 눈에 띄게 좋아졌다.
집에서 아침마다 매일같이 혈압을 체크하고 있는데 100~120 사이로 나쁘지 않았다.
갑작스럽게 병원을 찾아와야 해서 현장 대기를 해야 했던 저번과는 달리 미리 예약을 해 둔 상태여서 기다림이 길지 않",2025. 9. 22. 11:00,https://blog.naver.com/white0171/224017145662
다이소 6공 다이어리 펀치,"6공 다이어리펀치
간격을 조절할수 있어요
타공기가 옆으로 움직이더라고요
힘들이지 않고 타공되요",2025. 10. 24. 10:45,https://blog.naver.com/sweetdreamplus/224052099818
[임신기록] 임신 4주차 아기집확인/ 송탄 더네이처산부인과 / 송탄보건소 임산부등록,"1.임신확인
좌 : 배란15일차 / 우 : 배란 18일차
배란 10일차 쯤
여전한 단호박 한줄을 확인하곤
당연히 이번달도 안될 줄 알았던 우리🥲
예정일이 지나도 생리를 안하고
가슴통증이 사라지지 않아서
혹시나 하고 다시해보니
흐릿하지만 선명하게 뜬 두 줄..
새벽출근한 남편이 없는 아침
출근 전 혼자 확인한 두 줄에
가슴이 얼마나 뛰던지ㅠㅠㅠ
나만큼 간절하게 기다렸을 남편에게
제일먼저 소식을 전하고
임테기가 역전되기만을 기다렸다.
2. 산부인과 선택, 아기집 확인
금요일 급하게 반반차 결재 후
남편하고 찾아간 병원.
집에서 가깝고
임신전부터 산전검사, 배란초음파를 봐주었던
송탄 더네이처로 갔다.
이제 겨우 4주차..
정말 참새모이만큼 작게 보였던 아기집...ㅎㅎㅎ
난황도 안보이는 극극초기지만
다행히 피고임도 없었고 자궁벽도 탄탄하고
기존에 있었던 난소혹이 커지지 않았다고 했다.
아기집만 확인되어도 임신확인서를 발급해주시는 담당의사선생님 덕분에
임산부 단축근무를 바로 신청할 수 있었다.
(정말 T스러움이 가득한 담당선생님이 축하해주셨는데 넘넘 웃음이 났다.
극초기 조심해야할 것, 하지말아야 할 것들도 진심을 다해 알려주셨음)
난황확인과 아기심장소리를 들어야하니
다음 병원방문은 6주 이후로 오라고 하셨다.
그 때 까지 잘 크고 있길ㅠㅠㅠㅠ
흔히 임신확인서라고 불리지만
진짜 이름은 건강보험 임신*출산 진료비 지급 신청서
위 서류는 무슨일이 있어도 재발급이 안된다고 했다.
병원에서 처음부터 2장 뽑아 줌..
한장은 집에 보관하고있고
한장은 차 조수석 글로브박스에 넣어놨다.
3.송탄보건소 임산부등록
임산부등록은 정부24에서도 신청가능하나
임산부뱃지랑 이것저것 편하게 빨리 받을 겸
보건소로 바로 방문했다.
주소가 평택이라 송탄보건소로 방문함.
송탄보건소는 언제가도 차가 많다..
다행히 주차자리가 있어서 바로 주차했는데
어쩔 땐 주차자리가 없어
주차안내해주시는 어르신분들도 계신다.
주차장과 연결되어있는
3층 모자건강팀으로 가면 되고
병원에서 발행해준 임신확인서를 들고갔다.",17시간 전,https://blog.naver.com/cktnwls95/224070352011
[임신 6주-38주] 똘이와 행복했던 10개월 기록 👶🏻,"미리미리 주수 차로 기록하려 했으나
임신하니까 왜 이리 사람이 게을러지는지..^^
(원래 게을렀지만 임신 핑계 대본다.)
임신 기록도 벼락치기로 한방에 묶음으로 남겨보는,,
게으른 똘이 맘의 기록
[6주-15주차]
주변인들에게 임밍아웃을 하며
받은 감사한 선물들
임신 초에는 튼살크림 꼬박꼬박 발라주더니
후반부로 갈수록 안 발라줌,,^^
입덧으로 컨디션 최악이었던 8주차
결혼기념일 기념 일본 여행으로
원래 3박 4일로 예정했으나
나의 컨디션으로 인해 하루 일찍 귀국해버림 ㅜ
돈만 날렸던 여행이어서 아쉽 ㅠㅜ
하루 일찍 귀국하면서 결기는 집에서 조촐하게 🔥
아직 운동하긴 이른주수이긴하지만
요가를 할지 1:1필테를 할지 고민하던 시점
결국 1:1필테로 결정!
가을에 한국 놀러 오신 어머님과 서촌 나들이
깜짝 임밍아웃 해드렸는데
안 그래도 어머님이 태몽을 꾸셨다고 ⭐️
어머님 아버님과 함께 11주차에 다녀온 제주여행
이때는 왜 이리 잠이 많이 쏟아지던지!
차만 타면 기절해서 잤던 여행
12주차엔 드디어
어엿한 아기의 형태가 나타나기 시작👶🏻
콧대도 보이고
다리 쭉 뻗는 것도 보여서 넘 신기 방기했다.
이때 첨으로 각도 법이라는 걸 알게 되었고,,
그 유명한 장꾸맘의 각도법 카페도 가입 ㅋㅋ
장꾸맘이 말해준 대로 딸이었다.. ✨
생일에 칭구들이 챙겨준 생일 겸 임신 축하 선물들
넘 이쁜 케이크에 꽃다발까지💐
내 남편한테도 이런 거 못 받았다며
사진 100만 장 찍었다.
넘흐이뻐,,,
그리고 칭구가 선물해 준 젖병 세척기!
잘 쓸게 🤤❤️
초밥 러버는 임신해도 포기 못하고요..
참치만 빼고 진짜 자주 먹었던 것 같다.
[16주 - 24주]
16주 차부터 스멀스멀 기록해 본 나의 배
원래 이때는 입덧 때문에 살이 오히려 빠진 상태이거나
살이 거의 안 찐다던데 난 이미 3키로 찐 상태 하핳
지금 보면 저 배는 오로지 나의 지방 90% 😊
16주부터 시작한 아빠가 들려주는 태담 이야기
이야기 듣고 있으면 내가 다 잠이 온다..
그리고 시작한 1:1 필라테스!
원래 입던 레깅스",2025. 5. 2. 23:49,http://blog.naver.com/go_rany/223853843993
[임신기록]16주-22주👼🏻,"입덧이 많이 잠잠해져서
행복한 임신 중기를 보내는 중🥹
입덧 내내 밀가루와 배달음식만 먹어서
몸이 엉망이 되어버린 기분!
그나마 먹을 수 있는 것들로 다이어트식을 먹기 시작했다..🥦
[20주 기록]
몸무게 +5kg
[첫 태동] 🥹 아직은 몽글몽글 너무 벅차고 귀엽다.
[손가락 통증] 릴렉신 호르몬 때문에 인대가 느슨해져서 생긴다고 한다. 관절염처럼 빳빳해지고 아프다.
[뾰루지] 여드름 관리 빡세게 해서 조금 좋아졌지만, 손이 안 닿는 등드름은..🥲
그리고 내가 보려고 남겨보는 주수 사진들🤰🏻👼🏻
22주가 된 지금은 배가 더 나와서
하늘보고 정자세로 누워서 자는게 어렵다.
장기가 눌리는 느낌이 이런 거구나...🥲
그래서 옆으로 자다 보면 어깨도 아프고 팔도 저리다.
고작 22주인데 벌써 불편하다니!
365일 중에 300일 정도는 집에 있는 파워 집순이🤍
잠옷 바지가 전부 안 맞아서
임부복 스타일 원피스로 잠옷 몇 장 마련해 봤다.
이때는 가을이 금방 올 줄 알고 도톰한 것을 샀는데
9월 중순까지도 너무나 폭염이라 개시 못하는 중🔥
딱복숭아를 지인짜 좋아하는데🍑 🍑🍑
올해 딱복은 유난히 더 맛있었다!🍑🍑🍑
여름은 싫지만 복숭아의 계절이 끝난 건 아쉬워 ..
치과가 강남역이라 외출한 김에
오랜만에 미용실도 들렸는데
무리를 했는지 중간에 저혈압이 와서 기절하는 줄!
급하게 아무 산부인과 가서 입덧약 처방받아 먹었다.
이제 혼자 외출도 무섭구먼😇
쌍둥인줄 알았던 직장 동료들의 아가 옷 선물..
보자마자 또 눈물 버튼 눌렸다.. 에구..
언제쯤 덤덤해질까
21주에는 정밀 초음파를 30분 동안 보았다.
아가를 이렇게 오래 볼 수 있다니 행복한 시간이었다🤍
움켜진 주먹이 너무 귀엽ㄱㅇㅇ..🥹
완전 긴~~ 정밀초음파 사진들ㅎㅎ
이렇게 긴 초음파는 처음 받아본다 우끼끼👼🏻
아침부터 생각난 범계 라멘
저 얇은 면이 너무 맛있다. 사골처럼 진한 국물도..🍜
밥 먹으면 습관처럼 당기는 디저트..🐽
이 쫀득쫀득한 던킨 도너츠가 가끔 생각난단 말이야
올 여름은 유난히 덥고 습하다. 기록",2024. 9. 19. 22:31,http://blog.naver.com/7ahra/223589201945
다이소 6공 다이어리 A7(만년다이어리) 리뷰와 표꾸,"스케쥴 관리 비슷한게 필요할 것 같아서
작고 편하게 쓸 다이어리를 마련하려고 다이소에 갔다.
요즘 유행(?)하는 윅스 다이소ver를 살까 했는데
그거보다도 더 휴대성에 집중하고자
A7 6공을 구매했다.
다이소 몰에서 상품 캡쳐하려고
포장을 벗겼는데 현재 다이소 몰에 해당 상품이 없…
그래서 이거라도 첨부
링이 흰색인게 귀엽다.
나는 실버를 사고 싶었지만
실버링 A7는 내지가 체크패턴이라
스케쥴러로 쓰기에는 무리가 있었다.
위 상품설명에도 있지만
내지는 4가지 종류가 있고 블루 라인으로 되어있다.
커버인 PVC가 뻣뻣하다.
먼슬리, 일요일 시작
위클리
프리노트 방안
프리노트 무지-약간 밝은 회색
종이 비침은 네임펜만 심하고
보통 펜은 비침이 적다.
사진보다 눈으로 보는게 더 비침이 낮음
그럼 표꾸를 해보자
포토프린터기로 맘에 드는 사진을 뽑았다.
크로아티아에서 본 석류나무
예전에 스티커 사고 받은 봉투로 배경 만들기
(이래서 봉투, 포장지 같은 걸 버릴 수 없어)
이런, 색감이 잘 안 잡히네
아래 사진들이 실제랑 비슷하다
끼워보자
앞
뒤
끝!",2025. 11. 4. 2:21,https://blog.naver.com/g_cerulean/224063760404
리훈 5년다이어리로 감사 일기와 육아 성장 일기 정리하는 법 지금 놓치면 후회함,"안녕하세요!
오늘은 우리의 소중한 순간을 기록할 수 있는 리훈 5년 다이어리를 소개해드릴게요.
감사 일기와 육아 성장 일기를 효율적으로 정리할 수 있는 이 만년다이어리는 지금 5% 할인된 가격인 23,270원에 만나보실 수 있어요.
궁금하시죠?
아래 링크에서 자세한 정보를 확인해보세요!
다이어리 오늘기억 3년 일기 성인 감사 일기장 다이어리 : 리훈
3년간의 나의 이야기를 기록할 수 있는 일기장 입니다
naver.me
리훈 5년다이어리로 육아 성장 일기 작성 후기
리훈 다이어리 사용자의 솔직한 후기와 리뷰
리훈 오늘기억 5년다이어리를 처음 사용했을 때, 디자인과 종이 질감이 매우 마음에 들었습니다.
매일의 소중한 순간을 기록할 수 있어 육아 성장 일기를 정리하는 데에 큰 도움이 되네요.
사용해보니 공간이 넉넉해 쓰기 편하고, 5년간의 변화를 한눈에 확인할 수 있어 정말 감동적이에요.
아기와 함께한 특별한 기억들이 쌓여가는 모습을 보니 덩달아 기분이 좋았습니다!
리훈 감사 일기와 함께하는 5년다이어리 할인 정보
현재 특가 5% 할인으로 23,270원에 구매 가능
리훈 오늘기억 5년다이어리를 최근에 구매했는데, 현재 5% 할인된 23,270원에 만나볼 수 있어요.
일기쓰기가 처음인 저에게도 부담 없는 가격으로, 다양하게 활용할 수 있는 점이 마음에 듭니다.
감사 일기와 육아 성장 일기를 정리하는 데 큰 도움이 되고 있어요.
꼭 추천하고 싶은 제품입니다!
육아 성장 일기장 리훈의 주요 특징과 장점
리훈 5년다이어리의 실용성과 장점 소개
리훈 오늘기억 5년다이어리는 육아 성장 일기를 정리하는 데 이상적입니다.
매일의 작은 순간들을 기록할 수 있어 아이의 성장 과정을 생생히 되새길 수 있죠.
구조가 간단해 매 페이지마다 감사를 표현하거나 아이의 성장을 기록하는 것이 무척 쉽습니다.
특히, 다양한 디자인과 질 좋은 종이가 마음에 들어 자주 꺼내보게 돼요.
한 해의 행복과 추억을 색칠해가는 듯한 기분이 정말 좋습니다!
리훈 감사 일기 육아 성장일기 사용 전 주의사항
구매하",2025. 11. 8. 0:55,https://blog.naver.com/iyuzz3yb/224068594318
2026년 다이어리 추천 : 오롤리데이 미니 다이어리 라벤더 ver.,"안녕하세요
자니유니입니당💗
오늘의 리뷰는
구매하고 1달이 지난 리뷰..라는 말씀
오롤리데이 미니 다이어리 라벤더
내돈내산 🤑
저는 몰스킨 미니버전도 사용해보고
이것저것 다 사용해봤는데
일단 다이어리를 5월달까지 열심히 쓰고
여름이 되면서 더워서 못 쓰겠더라구요 ㅋㅋㅋ
그래서 저번부터 구매하고 싶었던
얇고 간단하게 되어 있는
오롤리데이 미니 버전을
오픈 하자마자 바로 구매해버림..
전 보부상..
그래서 되게 가볍게 갖고 다닐 수 있눈걸 찾는것
💰나의 구매 내역💰
다이어리, 다이어리 커버!
저번에 번외로 성수에서 펜이랑 파우치 샀었는데
그것두 넘 좋아요🖤
귀엽게 장꾸가 맞이해주네요
배송은 요즘 보통 다음날 오더라구요
포장까지 잘 돼서 옵니다!
출시 이벤트로 스티커까지 주셨어요!
커버를 껴봤답니다
무조건 커버끼는걸 추천!!
그래야지 그립감이 조아요♥️
속지 공개
전 이렇게 간단한게 좋더라구요!
내년 기록을 잘 적어보려구요
고민 되시는 분들 있으시면
가격, 구성 , 무게 다 괜찮은
오롤리데이 제품 추천 할게요!
행복을 파는 브랜드, 오롤리데이
책의, 책에 의한, 책을 위한 북백📖 Read & go! book bag 44,000원 37,400원 늘 좋은 기운이 함께하길 바라며 만든 미니 복주머니 키링☘️ Mini fortune pouch keyring 22,000원 18,700원 나를 더 깊이 알아가게 도와주는, 질문 스티커 100 Questions sticker_ver.2 6,500원 5,720원 여기저기 붙이고 싶은 예쁜 달력 스티커 2026 Calendar sticker 4,500원 3,960원 행복 급속충전 스티커 ☘️🔋 Happy booster sticker ...
www.oh-lolly-day.com
#오롤리데이 #오롤리데이다이어리 #서이추 #서이추환영 #2026년다이어리",2025. 10. 25. 11:00,https://blog.naver.com/janiuni/224053235977
"2026 미니 다이어리 추천, 일상에 꼭 필요한 핸디 먼슬리 수첩","“ 이 포스팅은 네이버 쇼핑 커넥트 활동의 일환으로, 판매 발생 시 수수료를 제공받습니다. ”
요즘 한 해를 마무리하고 새해를 준비하는 시기라 다이어리를 하나 장만하려고 했어요. 그러다 우연히 2026 미니 다이어리를 알게 되었는데, 크기도 아담하고 월간 먼슬리 구성이라 마음에 쏙 들더라고요.
🔽 🔍 상품정보 확인하기 🔽
https://naver.me/GsobQG5P
2026 미니 다이어리 2026년 핸디 다이어리 업무 수첩 26년 월간 먼슬리 : 아이템리퍼블릭
[아이템리퍼블릭] 예쁘고 사랑스러운 아이템 문방구
naver.me
일상 속 작은 변화, 2026년 핸디 다이어리와의 첫 만남
평소 업무나 개인 일정 관리를 따로 하는 편인데, 올해는 좀 더 체계적으로 관리하고 싶었어요. 그래서 휴대하기 편한 미니 다이어리를 찾다가 이 제품을 알게 됐죠. 처음 받아본 순간 크기가 부담스럽지 않고 손에 쏙 들어와서 기대감이 커졌답니다.
직접 써보니 더 좋아진 감성, 손글씨와 함께하는 시간
사용해보니 종이 질감이 부드러우면서도 적당히 두꺼워서 펜 글씨가 번지지 않더라고요. 먼슬리 페이지 구성 덕분에 한눈에 한 달 일정이 보이고, 중요한 업무나 약속을 적기에 딱 좋아요. 매일 조금씩 써 내려가며 내 하루를 기록하는 재미가 쏠쏠했답니다.
솔직하게 말하는 장단점과 비슷한 다이어리들과의 비교
좋았던 점: 아담한 크기와 가벼운 무게 덕분에 가방에 넣고 다니기 편했고, 깔끔한 월간 먼슬리 레이아웃이 일정 관리에 효율적이었어요.
아쉬웠던 점: 내지 디자인이 심플한 만큼 다이어리를 꾸미는 취향에는 살짝 밋밋하게 느껴질 수도 있겠다는 생각이 들었어요.
비슷한 제품과 비교 느낌: 다른 다이어리에 비해 가격도 합리적이고, 2026년 전용 디자인이라 최신 트렌드에 맞춰져 있다는 점이 마음에 들었어요.
누구에게 더 잘 맞을까? 나만의 사용 팁과 추천
바쁜 일상 속에서도 간단하게 월간 일정을 관리하고 싶은 분들이라면 추천해요. 특히 핸드백이나 작은 가방을 즐겨 드는 분들께는 미니 사이즈가 큰 장점이",2025. 11. 6. 18:30,https://blog.naver.com/mgtcyy505562/224065346987
"[임신기록/32주차] 배크기, 시장 떡볶이, 아기옷 선물, 태동검사, 대학병원 아기 성별, 역아, 비비큐 치킨 반마리","BABY RECORD
32주차
열달의 임신 기록
9개월 진입! 몸무게, 배크기 체크체크
겨울이 용품은 아직도 사야할게 산더미고
이제 곧 겨울이를 만날거 같다는 생각에
설레임도 생기고,, 하루하루 떨리는 마음으로
일주일을 보내는 것 같다
32주차 태동검사 진행
확실히 배가 많이 나왔네
32주차에 진입하면서 보는 나의 배크기. 임신하고서 느끼는 몸은 정말 인체의 신비 그 자체다. 내 몸속에 작은 생명이 자라고 있는 것도 신기하고 저 작은 몸뚱이에서 태어난다는 것도 믿기지 않는다.
다들 뱃속에 있을때가 편한거야~ 라고 하는데 나는 내 몸이 무겁고 입덧때메 힘들었던 기억이 전부라 차라리 빨리 나와서 얼굴 맞대고 있어야 더 좋고 편할 것 같다. 안그래도 얼마 안남았으니 조금만 더 차근히 준비해야지.
32주 배크기
재생
16
좋아요
0
00:31

32주 배크기
바지는 겨울이 낳고 입을 수 있겠지?
비비큐 치킨 반마리 혼자 먹기
재생
1
좋아요
0
00:25

비비큐 치킨 반마리 혼자 먹기
신랑이 출근하면 보통 집에 있는거 먹거나 안먹거나 하는데 이날 왜이렇게 치킨이 먹고싶은지..!! 첨으로 혼자 비비큐 스파이시 후라이드 반마리를 시켜먹었다. 반마리인데 저기서 치킨 한 두조각 먹었나? 배만 살짝 채우고 냉장고에 고이 모셔뒀다. 생각보다 많이 먹지 못했음.
홍선이가 머리하러 간다고해서 시장에서 떡볶이 사오라고 했는데 홍선이는 보통 뭘 사오면 1인분, 이렇게 정말 적게 사오는 경향이 있다. 그래서 떡볶이 살때도 설마 떡볶이 1인분..? 튀김 2개? 이렇게 사오는거 아니지? 했는데 먹고 토할정도로 많이 사왔음^^ㅋㅋㅋㅋ 중간이 없음.. 그래도 간만에 떡볶이 먹으니까 맛있었다. 나름 시장 맛집에서 사왔덴다.
이제 2주마다 병원에 와야하고 조금 더 지나면 1주마다 병원에 가야한다고 했다. 병원 도착하면 키/몸무게/혈압 재는데 혈압 왜저럼?ㅎㅎ 맛탱이 간거 같은데 다시 재라는 말은 안해서 그냥 나뒀다.
내 차례가 와서 태동검사 진행. 태동검사할땐 바지 입고가는게 젤 좋다. 밑에 덮",2023. 2. 7. 21:39,http://blog.naver.com/kl2214/223008409956
"호보니치 5년 다이어리, 미도리 하루한페이지S","직구 가격은 여기로 확인
호보니치 5년 다이어리 & 미도리 하루한페이지 아마존 직구하기
#도쿄여행 에서 마지막까지 살까말까 했던 #호보니치5년다이어리 A5사이즈 결국 아마존 직구로 구입했습니...
blog.naver.com
11월 2일 일요일 구매
11월 6일 목요일 도착
상자에 다이어리 두권과 파손방지 종이로 심플한 포장이었습니다
그래도 따로 포장 수수료가 없나봐요
무료배송 9000엔을 채우기 위해서 함께 구매한
#미도리하루한페이지
일본에 갔을때 L사이즈가 있었는데
그건 너무 컸고 s사이즈는 없었는데 직구로 구했습니다
여백을 잘 활용하라는 설명
만년 다이어리는 절대 안쓰자 주의인데
올해는 #롤드페인트일력마스킹 을 사두어서 그걸로 날짜를 꾸며보려합니다
Next image
1월 달력부분에 하나 붙이고
날짜 부분에 하나식 붙여주었습니다
괄호부분에 붙이면
밑에 부분에 못 쓰게 되는 단점이 있고
오른쪽 부분에 붙이면 괄호엔 뭘 써야하나 생각이 들것 같아요
생각보다 내지구성이 마음에 드는 다이어리입니다
인기가 많은 이유가 이래서 일까요
사진엔 작아보이지만
실물로는 훨씬 큰 A5사이즈 5년다이어리
2024년에 A6 사이즈를 구매해서 2년째 잘쓰고 있었는데
2026-2030에 꽂혀 새로 구입하였습니다
설명서?와 볼펜을 사용해볼수 있는 테스트용지도 줍니다
도쿄에서 사온 #카쿠노만년필 이 너무 얇아서
조금 더 굵은 펜촉의 만년필이 사고 싶어졌습니다
어떤 볼펜이 종이와 맞는건진 모르겠지만
저는 쥬스업 0.4 볼펜이 다이어리에 쓰기 가장 좋아요
호보니치 5년 다이어리 A5와 A6
북커버에 넣기 위해서 잘랐는데 지나고 보니 후회중
커버는 언젠가 질리기 마련이고
뺄 수 도 없고 끼우기는 지겨운 상태가 되었습니다
A5는 년도를 두칸을 차지했고 10줄
A6는 년도가 1칸, 7줄입니다
지금은 연도밑에 날씨를 적고 오른쪽으로 일기를 썼는데
5년다이어리가 두권이 됐으니 어떤식으로 쓰면 좋을지
셋업영상을 또 찾아봐야겠습니다
5년 후에 성장할 나를 위한 다이어리",2025. 11. 7. 8:32,https://blog.naver.com/jyljyjl/224067611771
리훈 오늘기억 5년다이어리로 육아와 성장 기록하기 추천합니다 고민 중이라면 이걸로 결정하세요,"안녕하세요!
육아와 성장의 소중한 순간들을 기록할 방법을 찾고 계신가요?
리훈 오늘기억 5년다이어리는 매일의 감사한 순간들을 기록하며, 5년이라는 긴 시간 동안 자녀의 성장 과정을 한눈에 볼 수 있도록 도와줍니다.
현재 5% 할인된 23,270원에 만나볼 수 있으니, 놓치지 마세요!
자세한 정보는 아래 링크에서 확인하세요!
다이어리 오늘기억 3년 일기 성인 감사 일기장 다이어리 : 리훈
3년간의 나의 이야기를 기록할 수 있는 일기장 입니다
naver.me
리훈 오늘기억으로 육아 성장 기록하는 후기 추천
리훈 다이어리 사용자의 실제 리뷰와 경험담
리훈 오늘기억 5년다이어리를 처음 열었을 때, 깔끔한 디자인과 내구성 있는 종이가 무척 인상적이었어요.
이 일기장은 정말 특별한 기억을 기록하기에 제격이에요.
나의 아이가 성장하는 모습을 매일 기록하니 시간이 지남에 따라 소중한 추억이 쌓이는 것 같아요.
친구들에게도 꼭 추천하고 싶은 제품입니다.
정말 만족스러워요!
5년다이어리 오늘기억으로 만나보는 5% 할인 혜택
특별 제안, 오늘기억 다이어리 23,270원에 구매하기
리훈 오늘기억 5년다이어리를 구매하면서 5% 할인 혜택으로 23,270원에 득템했어요.
가격이 저렴해지니 주저 없이 선택했죠!
이렇게 소중한 육아와 성장 기록을 남길 수 있어 정말 기뻐요.
친구들에게도 추천하고 싶을 만큼 만족스럽습니다.
좀 더 특별한 추억을 남길 기회가 생겼네요!
리훈 5년다이어리로 육아와 성장 기록 특징 알아보기
다이어리의 주요 장점과 유용한 특징 정리
리훈 오늘기억 5년다이어리는 육아와 성장 기록하기에 최적화된 제품입니다.
매일의 작은 일상을 소중히 기록할 수 있는 구조로, 시간을 거슬러 올라가며 변화하는 모습을 손쉽게 추적할 수 있습니다.
특히, 다양한 편집 공간이 마련되어 있어 아이의 사진이나 손글씨를 첨부하기에도 용이합니다.
이 다이어리는 단순한 기록뿐 아니라, 아이와의 추억을 되새기며 감사의 마음을 적는 공간이기도 해요.
깔끔하고 심플한 디자인은 어디에 두어도 잘 어울리며, ",2025. 11. 7. 1:31,https://blog.naver.com/lptwjul4b/224067441950
내가 찾던 다이어리! 오롤리데이 미니 다이어리,"다이어리 유목민인 내가 드디어 다이어리에 정착했다.
11–12월은 항상 내년 다이어리를 물색하는데 시간을 보내는데, 올해는 아주 금방 다이어리를 골랐다.
작년부터 쓰기 시작한 오롤리데이 미니 다이어리!
오롤리데이 2026년 날짜형 다이어리 미니
오롤리데이
npay_plus_available
11,000원
내가 정말 원하는 구성만 딱 들어있고 군더더기없이 컴팩트해서 좋았다.
나는 이번에 라벤더 솝 색으로 구매했다. 💜
매년 새로운 색상들로 제작하는것 같다.
올해 다이어리랑 함께.
요래요래 한손에 딱 들어오고 가로로 넓지 않아서 좋다. 다이어리는 작고 가벼워야지 잘 들고 다닐 수 있다 생각하기 때문에 이정도 사이즈가 나한테 딱이다.
이제 다이어리의 구성을 살펴보자
첫장은 26년 전체 달력과 그 다음해 27년 전체 달력
습관리스트! 내가 젤 좋아하는 페이지!
인앤 아웃으로 새롭게 들이고 싶은 좋은 습관과 버리고 싶은 나쁜 습관으로 나누어져있어 좋다.
매년 이런 일종의 버킷리스트를 작성하는데 다이어리에 함께 포함되어있어서 좋다.
펴볼때마다 목표를 상기시킬 수 있어서 좋다.
그리고 2026년 전체달력
난 여기에 중요한 생일이나 이미 정해진 일정을 메모해둔다.
달별로 메모할 수 있는 페이지!
나는 여기에 매달 세부 목표를 적는다.
먼슬리와 위클리페이지
위클리 페이지에 나는 오늘 할일이 아닌 오늘 한 일을 적는다.
그리고 메모페이지!
메모페이지는 두장정도 밖에 안된다.
이부분도 내가 정말 좋아하는 부분!
다이어리에 따로 메모를 할일이 없는 나는 메모페이지가 적은게 너무 마음에 들었다ㅎㅎ
정말 딱 필요한 구성만 들어있는 오롤리데이 미니 다이어리!!
2026년도 잘 부탁해!",2025. 11. 2. 22:20,https://blog.naver.com/s_s_lee_/224062333679
"[임신기록] 6주차 편지: 엄마는 아직도 믿기지 않지만, 너는 분명 여기 있구나.","🌿 6주차, 열무에게
두 번째 만남 — 심장 소리를 듣던 날
두 번째 병원 방문 때는 아빠 대신 엄마 친구랑 함께 갔어.
아직은 너의 모습보단 아기집과 난황이 더 선명하게 보였지만,
의사 선생님 덕분에 너의 심장 소리를 직접 듣고,
작게 뛰고 있는 모습을 보며 마음이 참 안도되었단다.
진짜 신기해.
너가 내 몸 안에서 자라고 있다는 게,
그저 감사하고 경이로워. 🌱
입덧의 시작 — 힘듦 속의 감사
요즘 입덧을 하면 할수록
“아, 너가 잘 자라고 있구나” 하는 생각이 들어.
그래서 힘들면서도 기쁘기도 해.
그래도 다행히 밥 먹을 땐 덜 울렁거리고,
식사 후에도 한두 시간은 괜찮아.
엄마는 괜찮아, 진짜야 ㅎㅎ
신기하게도 입덧도 딱 주수에 맞춰 찾아오는 것 같아.
몸이 변화를 기억하고 있는 것처럼 말이야.
눈물 많은 나날 — 감정의 롤러코스터
웩웩거리는 6주차의 하루하루 속에서
엄마는 요즘 참 눈물이 많아졌어.
행복해서 울고,
슬퍼서 울고,
힘들어서 울고,
즐거워서 울고…
감정이 롤러코스터처럼 오르내리지만
그래도 괜찮아 :)
이 모든 게 너를 품은 시간이니까.
엄마를 떠올리며 , 세상의 모든 엄마에게
너를 알게 된 순간부터
엄마는 엄마의 엄마를 자주 떠올리게 돼.
그리고 세상의 모든 엄마들이
참 존경스럽게 느껴져.
너를 품고 있는 이 시간 동안
엄마도 더 많이 배우고 느끼고 싶어.
그래서 나중엔,
너에게 좋은 엄마가 되어줄게. 🌷
밤이 편안해진 이유 , 너 덕분에
평일엔 아빠가 멀리 있어서
혼자 잘 때는 무서워 스탠드도 켜놓곤 했는데,
요즘은 너 덕분에 푹 자고 있어.
아빠랑 영상통화하다 잠드는 대신
이젠 꿈나라에서 너랑 이야기하며 잠이 들어.
잠만보처럼 자꾸만 졸리고 또 자게 되네.
엄마가 잘 자면, 너도 쑥쑥 자라겠지? 💤
엄마 아빠의 준비 , 하나씩 천천히
요즘은 임신 초기에 해야 할 일들을
아빠랑 하나씩 해나가고 있어.
아직 태아보험은 못 들었지만
하나씩 차근차근 해보려 해.
모든 게 처음이라 서툴지만,
그래도 엄마 아빠는 최선을 다하고 있단다.
8주차쯤엔",2025. 11. 9. 11:05,https://blog.naver.com/maryham_hi/224069736517
[임신 기록 5] 강남차병원 출산 / 33주 1일차 자궁경부 길이 짧아 입원 / 양수 터짐 / 유도 분만 실패 후 33주 4일차 응급 제왕절개 출산 후기,"8월 20일~8월 23일 기록
33주 1일차 자궁경부 길이 많이 짧아져서 입원 결정함
아침에 병원에 갔다 오후에 입원하기로 해서
집에 들러 남편과 함께 병원 짐을 간소하게 싸는데..
뭔가 밑에서 따뜻한 게 흘러내림 생리대가 젖을 정도였음
나중에 알고 보니.. 양수가 터진 거였음
그것도 모르고 집중치료를 위해 입원한 건데…
양수 터졌고 아기 꺼내야 한다는 말에 너무 놀랐고 당황스러웠다
예정일이 한참 남았는데 조금 무서웠음
입원하고 분만실로 옮기기 전에 태아를 위해서 2번에 걸쳐 폐성숙 주사를 맞아야 한다 함
첫 번째로 맞고, 24시간 다음날 폐성숙 주사 2차까지 맞았음
교수님이 양수가 많이 나와서 수술을 권하셨는데..
자연분만을 고집했던 난 자분을 시도해 본다 했음
다음날 아침 일찍 촉진제를 맞고 관장까지 하고 기다렸는데
몇 시간이 지나도 진통은 왔지만 심하게 오지 않았음
기다리다가 큰일 날 거 같아 아기도 힘들고 나도 힘들 거 같아 수술한다 함
응급수술로 바로 못해서 다음날 오전에 바로 하기로 함
3일이 어떻게 지나갔는지 모르게 시간이 금방 갔음
메모장에 기록해 둔 출산 일지!
8/20 (입원 1일차)
14:30 - 입원(자궁경부 길이 짧아진 이슈로 집중치료)
15:28 - 내진 / 양수 터짐 확인(자궁 1.5cm 열렸다 함)
16:00 - 폐성숙 주사 맞음, 가족분만실로 이동
17:30 - 생리통 느낌? 자궁 열림 변화는 없었음
20:15 - 자궁 열림 변화는 없음 4인실 병실 옮김
8/21(입원 2일차)
5:00 항생제 맞고 수축 기계 달았음
07:30 교수님 만남 후 내진
오후 돼서 어제보다 진통이 많이 느껴졌지만 별다른 차도는 없었음
모니터 위치 다시 바꿔서 2차로 다시 보기로 함
교수님은 제왕절개를 권유하셨는데..
내 고집으로 자분할 수 있으면 하고 싶다 하여
다음날 아침에 유도 분만하기로 함
8/22(입원 3일차)
10:00 - 1인실 가족분만실로 병실 옮김
10:30 - 관장함
10:52 - 자궁 수축만 잠깐 있고 별다른 진통은 없었음
13:55 ",2025. 11. 4. 17:12,https://blog.naver.com/hayley06/224064533205
